,,,,,,,,,,,,,
,,,,,,,,,,,,,
s_coord,East_P,North_P,East_MP,North_MP,Max_speed,All_way_stop,Bus_stop,Right_curb_east,Right_curb_north,Left_curb_east,Left_curb_north,Center_line_east,Center_line_north
0,-415.7024391,597.2847973,,,5.555555556,0,0,-415.7024391,597.2847973,-415.7024391,597.2847973,-415.7024391,597.2847973
0.580303371,-415.1968381,597.5696123,,,5.555555556,0,0,-415.1968381,597.5696123,-415.1968381,597.5696123,-415.1968381,597.5696123
1.094795015,-414.7450756,597.8158081,,,5.555555556,0,0,-414.7450756,597.8158081,-414.7450756,597.8158081,-414.7450756,597.8158081
1.664752905,-414.2428181,598.0852323,,,5.555555556,0,0,-414.2428181,598.0852323,-414.2428181,598.0852323,-414.2428181,598.0852323
2.260915455,-413.7315712,598.3918857,,,5.555555556,0,0,-413.7315712,598.3918857,-413.7315712,598.3918857,-413.7315712,598.3918857
2.875648983,-413.1963084,598.6941953,,,5.555555556,0,0,-413.1963084,598.6941953,-413.1963084,598.6941953,-413.1963084,598.6941953
3.49579838,-412.6648499,599.0137843,,,5.555555556,0,0,-412.6648499,599.0137843,-412.6648499,599.0137843,-412.6648499,599.0137843
4.023069043,-412.2053009,599.2722975,,,5.555555556,0,0,-412.2053009,599.2722975,-412.2053009,599.2722975,-412.2053009,599.2722975
4.613903397,-411.6953132,599.5706224,,,5.555555556,0,0,-411.6953132,599.5706224,-411.6953132,599.5706224,-411.6953132,599.5706224
5.263841887,-411.1257591,599.883717,,,5.555555556,0,0,-411.1257591,599.883717,-411.1257591,599.883717,-411.1257591,599.883717
5.773292793,-410.6798316,600.130068,,,5.555555556,0,0,-410.6798316,600.130068,-410.6798316,600.130068,-410.6798316,600.130068
6.291478843,-410.2205509,600.3700223,,,5.555555556,0,0,-410.2205509,600.3700223,-410.2205509,600.3700223,-410.2205509,600.3700223
6.81277094,-409.7555317,600.6056122,,,5.555555556,0,0,-409.7555317,600.6056122,-409.7555317,600.6056122,-409.7555317,600.6056122
7.348318363,-409.2753054,600.8426643,,,5.555555556,0,0,-409.2753054,600.8426643,-409.2753054,600.8426643,-409.2753054,600.8426643
7.927909537,-408.7533263,601.0945845,,,5.555555556,0,0,-408.7533263,601.0945845,-408.7533263,601.0945845,-408.7533263,601.0945845
8.546968296,-408.2027378,601.3775792,,,5.555555556,0,0,-408.2027378,601.3775792,-408.2027378,601.3775792,-408.2027378,601.3775792
9.185225355,-407.6365686,601.6722393,,,5.555555556,0,0,-407.6365686,601.6722393,-407.6365686,601.6722393,-407.6365686,601.6722393
9.835565348,-407.0583949,601.9699931,,,5.555555556,0,0,-407.0583949,601.9699931,-407.0583949,601.9699931,-407.0583949,601.9699931
10.50885203,-406.4597587,602.278132,,,5.555555556,0,0,-406.4597587,602.278132,-406.4597587,602.278132,-406.4597587,602.278132
11.20232057,-405.8457211,602.6003997,,,5.555555556,0,0,-405.8457211,602.6003997,-405.8457211,602.6003997,-405.8457211,602.6003997
11.91120985,-405.2142341,602.9224993,,,5.555555556,0,0,-405.2142341,602.9224993,-405.2142341,602.9224993,-405.2142341,602.9224993
12.62846818,-404.5767838,603.2513103,,,5.555555556,0,0,-404.5767838,603.2513103,-404.5767838,603.2513103,-404.5767838,603.2513103
13.35781987,-403.9267134,603.5820101,,,5.555555556,0,0,-403.9267134,603.5820101,-403.9267134,603.5820101,-403.9267134,603.5820101
13.85995968,-403.480398,603.8121121,,,5.555555556,0,0,-403.480398,603.8121121,-403.480398,603.8121121,-403.480398,603.8121121
14.38540889,-403.0126047,604.0514159,,,5.555555556,0,0,-403.0126047,604.0514159,-403.0126047,604.0514159,-403.0126047,604.0514159
14.93183706,-402.5210654,604.2901059,,,5.555555556,0,0,-402.5210654,604.2901059,-402.5210654,604.2901059,-402.5210654,604.2901059
15.49751917,-402.0165941,604.5460451,,,5.555555556,0,0,-402.0165941,604.5460451,-402.0165941,604.5460451,-402.0165941,604.5460451
16.07225833,-401.5059517,604.8098053,,,5.555555556,0,0,-401.5059517,604.8098053,-401.5059517,604.8098053,-401.5059517,604.8098053
16.65218089,-400.989523,605.0736454,,,5.555555556,0,0,-400.989523,605.0736454,-400.989523,605.0736454,-400.989523,605.0736454
17.24160881,-400.4652396,605.3430006,,,5.555555556,0,0,-400.4652396,605.3430006,-400.4652396,605.3430006,-400.4652396,605.3430006
17.83854621,-399.9355761,605.6183019,,,5.555555556,0,0,-399.9355761,605.6183019,-399.9355761,605.6183019,-399.9355761,605.6183019
18.44246908,-399.400362,605.8980674,,,5.555555556,0,0,-399.400362,605.8980674,-399.400362,605.8980674,-399.400362,605.8980674
19.05268538,-398.858894,606.1794502,,,5.555555556,0,0,-398.858894,606.1794502,-398.858894,606.1794502,-398.858894,606.1794502
19.66562602,-398.3170252,606.4659367,,,5.555555556,0,0,-398.3170252,606.4659367,-398.3170252,606.4659367,-398.3170252,606.4659367
20.27844691,-397.7743794,606.7506908,,,5.555555556,0,0,-397.7743794,606.7506908,-397.7743794,606.7506908,-397.7743794,606.7506908
20.88794721,-397.2345613,607.0336873,,,5.555555556,0,0,-397.2345613,607.0336873,-397.2345613,607.0336873,-397.2345613,607.0336873
21.4969911,-396.6958031,607.3177191,,,5.555555556,0,0,-396.6958031,607.3177191,-396.6958031,607.3177191,-396.6958031,607.3177191
22.10515877,-396.1579369,607.6015639,,,5.555555556,0,0,-396.1579369,607.6015639,-396.1579369,607.6015639,-396.1579369,607.6015639
22.70974795,-395.6219774,607.8813415,,,5.555555556,0,0,-395.6219774,607.8813415,-395.6219774,607.8813415,-395.6219774,607.8813415
23.31202066,-395.0841861,608.1524742,,,5.555555556,0,0,-395.0841861,608.1524742,-395.0841861,608.1524742,-395.0841861,608.1524742
23.91416858,-394.5489513,608.428347,,,5.555555556,0,0,-394.5489513,608.428347,-394.5489513,608.428347,-394.5489513,608.428347
24.51595413,-394.0126428,608.7013288,,,5.555555556,0,0,-394.0126428,608.7013288,-394.0126428,608.7013288,-394.0126428,608.7013288
25.11613223,-393.4752892,608.9686579,,,5.555555556,0,0,-393.4752892,608.9686579,-393.4752892,608.9686579,-393.4752892,608.9686579
25.71290293,-392.9363893,609.2250213,,,5.555555556,0,0,-392.9363893,609.2250213,-392.9363893,609.2250213,-392.9363893,609.2250213
26.30702149,-392.396025,609.4719692,,,5.555555556,0,0,-392.396025,609.4719692,-392.396025,609.4719692,-392.396025,609.4719692
26.89135569,-391.8592779,609.7029433,,,5.555555556,0,0,-391.8592779,609.7029433,-391.8592779,609.7029433,-391.8592779,609.7029433
27.48137161,-391.3174198,609.9364139,,,5.555555556,0,0,-391.3174198,609.9364139,-391.3174198,609.9364139,-391.3174198,609.9364139
28.06851819,-390.7717184,610.1530961,,,5.555555556,0,0,-390.7717184,610.1530961,-390.7717184,610.1530961,-390.7717184,610.1530961
28.65348177,-390.2231651,610.3562503,,,5.555555556,0,0,-390.2231651,610.3562503,-390.2231651,610.3562503,-390.2231651,610.3562503
29.23923418,-389.6743265,610.5609014,,,5.555555556,0,0,-389.6743265,610.5609014,-389.6743265,610.5609014,-389.6743265,610.5609014
29.83417023,-389.1068377,610.7395222,,,5.555555556,0,0,-389.1068377,610.7395222,-389.1068377,610.7395222,-389.1068377,610.7395222
30.42510773,-388.5416654,610.9121123,,,5.555555556,0,0,-388.5416654,610.9121123,-388.5416654,610.9121123,-388.5416654,610.9121123
31.02018144,-387.9681309,611.0707659,,,5.555555556,0,0,-387.9681309,611.0707659,-387.9681309,611.0707659,-387.9681309,611.0707659
31.61737255,-387.3904764,611.2222667,,,5.555555556,0,0,-387.3904764,611.2222667,-387.3904764,611.2222667,-387.3904764,611.2222667
32.21730596,-386.8076815,611.3646399,,,5.555555556,0,0,-386.8076815,611.3646399,-386.8076815,611.3646399,-386.8076815,611.3646399
32.82792639,-386.206575,611.4720102,,,5.555555556,0,0,-386.206575,611.4720102,-386.206575,611.4720102,-386.206575,611.4720102
33.42892657,-385.6131226,611.56696,,,5.555555556,0,0,-385.6131226,611.56696,-385.6131226,611.56696,-385.6131226,611.56696
34.03093419,-385.0158553,611.642358,,,5.555555556,0,0,-385.0158553,611.642358,-385.0158553,611.642358,-385.0158553,611.642358
34.63282466,-384.4164161,611.6966243,,,5.555555556,0,0,-384.4164161,611.6966243,-384.4164161,611.6966243,-384.4164161,611.6966243
35.23698533,-383.8135625,611.7363443,,,5.555555556,0,0,-383.8135625,611.7363443,-383.8135625,611.7363443,-383.8135625,611.7363443
35.85609864,-383.195133,611.7654334,,,5.555555556,0,0,-383.195133,611.7654334,-383.195133,611.7654334,-383.195133,611.7654334
36.46294199,-382.5883042,611.7696425,,,5.555555556,0,0,-382.5883042,611.7696425,-382.5883042,611.7696425,-382.5883042,611.7696425
37.06676241,-381.9848369,611.7489954,,,5.555555556,0,0,-381.9848369,611.7489954,-381.9848369,611.7489954,-381.9848369,611.7489954
37.6715526,-381.3817812,611.7032241,,,5.555555556,0,0,-381.3817812,611.7032241,-381.3817812,611.7032241,-381.3817812,611.7032241
38.29302731,-380.7621603,611.6552582,,,5.555555556,0,0,-380.7621603,611.6552582,-380.7621603,611.6552582,-380.7621603,611.6552582
38.91583666,-380.1415284,611.6032248,,,5.555555556,0,0,-380.1415284,611.6032248,-380.1415284,611.6032248,-380.1415284,611.6032248
39.53731762,-379.5237704,611.5353007,,,5.555555556,0,0,-379.5237704,611.5353007,-379.5237704,611.5353007,-379.5237704,611.5353007
40.15272542,-378.9188782,611.4220216,,,5.555555556,0,0,-378.9188782,611.4220216,-378.9188782,611.4220216,-378.9188782,611.4220216
40.77020399,-378.3196874,611.2728566,,,5.555555556,0,0,-378.3196874,611.2728566,-378.3196874,611.2728566,-378.3196874,611.2728566
41.38571215,-377.7258145,611.1110996,,,5.555555556,0,0,-377.7258145,611.1110996,-377.7258145,611.1110996,-377.7258145,611.1110996
42.01090554,-377.1197595,610.9575937,,,5.555555556,0,0,-377.1197595,610.9575937,-377.1197595,610.9575937,-377.1197595,610.9575937
42.63113038,-376.526916,610.7753425,,,5.555555556,0,0,-376.526916,610.7753425,-376.526916,610.7753425,-376.526916,610.7753425
43.2500057,-375.9467933,610.5597868,,,5.555555556,0,0,-375.9467933,610.5597868,-375.9467933,610.5597868,-375.9467933,610.5597868
43.87382407,-375.3714158,610.318768,,,5.555555556,0,0,-375.3714158,610.318768,-375.3714158,610.318768,-375.3714158,610.318768
44.49112896,-374.805821,610.0714465,,,5.555555556,0,0,-374.805821,610.0714465,-374.805821,610.0714465,-374.805821,610.0714465
45.12664797,-374.2300754,609.8023714,,,5.555555556,0,0,-374.2300754,609.8023714,-374.2300754,609.8023714,-374.2300754,609.8023714
45.76032734,-373.6680532,609.5096589,,,5.555555556,0,0,-373.6680532,609.5096589,-373.6680532,609.5096589,-373.6680532,609.5096589
46.39391139,-373.1204703,609.1909402,,,5.555555556,0,0,-373.1204703,609.1909402,-373.1204703,609.1909402,-373.1204703,609.1909402
47.03682492,-372.574156,608.8520029,,,5.555555556,0,0,-372.574156,608.8520029,-372.574156,608.8520029,-372.574156,608.8520029
47.68310563,-372.0355262,608.4948521,,,5.555555556,0,0,-372.0355262,608.4948521,-372.0355262,608.4948521,-372.0355262,608.4948521
48.33592762,-371.5131093,608.1033714,,,5.555555556,0,0,-371.5131093,608.1033714,-371.5131093,608.1033714,-371.5131093,608.1033714
48.98131589,-371.0069688,607.7029369,,,5.555555556,0,0,-371.0069688,607.7029369,-371.0069688,607.7029369,-371.0069688,607.7029369
49.62557856,-370.5163039,607.2854175,,,5.555555556,0,0,-370.5163039,607.2854175,-370.5163039,607.2854175,-370.5163039,607.2854175
50.27138963,-370.0407635,606.8484584,,,5.555555556,0,0,-370.0407635,606.8484584,-370.0407635,606.8484584,-370.0407635,606.8484584
50.92763762,-369.5795875,606.3815771,,,5.555555556,0,0,-369.5795875,606.3815771,-369.5795875,606.3815771,-369.5795875,606.3815771
51.57022534,-369.1317656,605.920736,,,5.555555556,0,0,-369.1317656,605.920736,-369.1317656,605.920736,-369.1317656,605.920736
52.20390668,-368.7077288,605.4498381,,,5.555555556,0,0,-368.7077288,605.4498381,-368.7077288,605.4498381,-368.7077288,605.4498381
52.83238266,-368.310303,604.9629759,,,5.555555556,0,0,-368.310303,604.9629759,-368.310303,604.9629759,-368.310303,604.9629759
53.46167663,-367.9349981,604.4578452,,,5.555555556,0,0,-367.9349981,604.4578452,-367.9349981,604.4578452,-367.9349981,604.4578452
54.08217401,-367.5744618,603.9528396,,,5.555555556,0,0,-367.5744618,603.9528396,-367.5744618,603.9528396,-367.5744618,603.9528396
54.7124108,-367.2329798,603.4231336,,,5.555555556,0,0,-367.2329798,603.4231336,-367.2329798,603.4231336,-367.2329798,603.4231336
55.33526555,-366.9057456,602.8931659,,,5.555555556,0,0,-366.9057456,602.8931659,-366.9057456,602.8931659,-366.9057456,602.8931659
55.94725256,-366.5976249,602.3644034,,,5.555555556,0,0,-366.5976249,602.3644034,-366.5976249,602.3644034,-366.5976249,602.3644034
56.57889124,-366.2981973,601.8082464,,,5.555555556,0,0,-366.2981973,601.8082464,-366.2981973,601.8082464,-366.2981973,601.8082464
57.19681677,-366.029383,601.2518556,,,5.555555556,0,0,-366.029383,601.2518556,-366.029383,601.2518556,-366.029383,601.2518556
57.81607011,-365.7805283,600.6848053,,,5.555555556,0,0,-365.7805283,600.6848053,-365.7805283,600.6848053,-365.7805283,600.6848053
58.45285301,-365.5396154,600.0953535,,,5.555555556,0,0,-365.5396154,600.0953535,-365.5396154,600.0953535,-365.5396154,600.0953535
59.08006154,-365.3102131,599.5116026,,,5.555555556,0,0,-365.3102131,599.5116026,-365.3102131,599.5116026,-365.3102131,599.5116026
59.69804264,-365.1005228,598.9302846,,,5.555555556,0,0,-365.1005228,598.9302846,-365.1005228,598.9302846,-365.1005228,598.9302846
60.33333016,-364.9078428,598.3249213,,,5.555555556,0,0,-364.9078428,598.3249213,-364.9078428,598.3249213,-364.9078428,598.3249213
60.95190761,-364.7442615,597.7283652,,,5.555555556,0,0,-364.7442615,597.7283652,-364.7442615,597.7283652,-364.7442615,597.7283652
61.56831226,-364.5991804,597.1292774,,,5.555555556,0,0,-364.5991804,597.1292774,-364.5991804,597.1292774,-364.5991804,597.1292774
62.20089657,-364.4597429,596.5122522,,,5.555555556,0,0,-364.4597429,596.5122522,-364.4597429,596.5122522,-364.4597429,596.5122522
62.83108841,-364.3389461,595.893746,,,5.555555556,0,0,-364.3389461,595.893746,-364.3389461,595.893746,-364.3389461,595.893746
63.45207858,-364.2538308,595.2786166,,,5.555555556,0,0,-364.2538308,595.2786166,-364.2538308,595.2786166,-364.2538308,595.2786166
64.06526105,-364.1899974,594.6687658,,,5.555555556,0,0,-364.1899974,594.6687658,-364.1899974,594.6687658,-364.1899974,594.6687658
64.67122312,-364.1243318,594.0663722,,,5.555555556,0,0,-364.1243318,594.0663722,-364.1243318,594.0663722,-364.1243318,594.0663722
65.26898903,-364.0678096,593.4712845,,,5.555555556,0,0,-364.0678096,593.4712845,-364.0678096,593.4712845,-364.0678096,593.4712845
65.8611679,-364.0459245,592.8795102,,,5.555555556,0,0,-364.0459245,592.8795102,-364.0459245,592.8795102,-364.0459245,592.8795102
66.43688634,-364.0569963,592.3038982,,,5.555555556,0,0,-364.0569963,592.3038982,-364.0569963,592.3038982,-364.0569963,592.3038982
67.01451763,-364.0713508,591.7264453,,,5.555555556,0,0,-364.0713508,591.7264453,-364.0713508,591.7264453,-364.0713508,591.7264453
67.58998182,-364.0849083,591.1511409,,,5.555555556,0,0,-364.0849083,591.1511409,-364.0849083,591.1511409,-364.0849083,591.1511409
68.16105404,-364.1130942,590.5807646,,,5.555555556,0,0,-364.1130942,590.5807646,-364.1130942,590.5807646,-364.1130942,590.5807646
68.73614125,-364.1660828,590.0081238,,,5.555555556,0,0,-364.1660828,590.0081238,-364.1660828,590.0081238,-364.1660828,590.0081238
69.31901471,-364.2396858,589.4299162,,,5.555555556,0,0,-364.2396858,589.4299162,-364.2396858,589.4299162,-364.2396858,589.4299162
69.90795254,-364.3403211,588.8496401,,,5.555555556,0,0,-364.3403211,588.8496401,-364.3403211,588.8496401,-364.3403211,588.8496401
70.50174156,-364.4365723,588.263704,,,5.555555556,0,0,-364.4365723,588.263704,-364.4365723,588.263704,-364.4365723,588.263704
71.09640602,-364.5519004,587.68033,,,5.555555556,0,0,-364.5519004,587.68033,-364.5519004,587.68033,-364.5519004,587.68033
71.68924759,-364.6834837,587.1022756,,,5.555555556,0,0,-364.6834837,587.1022756,-364.6834837,587.1022756,-364.6834837,587.1022756
72.27844588,-364.8326513,586.5322723,,,5.555555556,0,0,-364.8326513,586.5322723,-364.8326513,586.5322723,-364.8326513,586.5322723
72.86919693,-364.9989227,585.9654032,,,5.555555556,0,0,-364.9989227,585.9654032,-364.9989227,585.9654032,-364.9989227,585.9654032
73.45622786,-365.1829588,585.4079662,,,5.555555556,0,0,-365.1829588,585.4079662,-365.1829588,585.4079662,-365.1829588,585.4079662
74.0427992,-365.3686927,584.8515771,,,5.555555556,0,0,-365.3686927,584.8515771,-365.3686927,584.8515771,-365.3686927,584.8515771
74.62917465,-365.5615223,584.2978146,,,5.555555556,0,0,-365.5615223,584.2978146,-365.5615223,584.2978146,-365.5615223,584.2978146
75.20534525,-365.7750402,583.7626672,,,5.555555556,0,0,-365.7750402,583.7626672,-365.7750402,583.7626672,-365.7750402,583.7626672
75.77039633,-366.0053783,583.2466952,,,5.555555556,0,0,-366.0053783,583.2466952,-366.0053783,583.2466952,-366.0053783,583.2466952
76.34271387,-366.2490643,582.7288492,,,5.555555556,0,0,-366.2490643,582.7288492,-366.2490643,582.7288492,-366.2490643,582.7288492
76.92083251,-366.4969746,582.2065834,,,5.555555556,0,0,-366.4969746,582.2065834,-366.4969746,582.2065834,-366.4969746,582.2065834
77.49651487,-366.7547337,581.6918306,,,5.555555556,0,0,-366.7547337,581.6918306,-366.7547337,581.6918306,-366.7547337,581.6918306
78.07522435,-367.0364979,581.186347,,,5.555555556,0,0,-367.0364979,581.186347,-367.0364979,581.186347,-367.0364979,581.186347
78.65626388,-367.3357271,580.688282,,,5.555555556,0,0,-367.3357271,580.688282,-367.3357271,580.688282,-367.3357271,580.688282
79.24128449,-367.6469194,580.1928948,,,5.555555556,0,0,-367.6469194,580.1928948,-367.6469194,580.1928948,-367.6469194,580.1928948
79.82971789,-367.9677124,579.6995939,,,5.555555556,0,0,-367.9677124,579.6995939,-367.9677124,579.6995939,-367.9677124,579.6995939
80.42041646,-368.3019449,579.2125483,,,5.555555556,0,0,-368.3019449,579.2125483,-368.3019449,579.2125483,-368.3019449,579.2125483
81.01146934,-368.6568346,578.7398996,,,5.555555556,0,0,-368.6568346,578.7398996,-368.6568346,578.7398996,-368.6568346,578.7398996
81.60027793,-369.030592,578.284926,,,5.555555556,0,0,-369.030592,578.284926,-369.030592,578.284926,-369.030592,578.284926
82.19504877,-369.414457,577.8306133,,,5.555555556,0,0,-369.414457,577.8306133,-369.414457,577.8306133,-369.414457,577.8306133
82.79518768,-369.8116689,577.3807362,,,5.555555556,0,0,-369.8116689,577.3807362,-369.8116689,577.3807362,-369.8116689,577.3807362
83.39268305,-370.2187568,576.9433803,,,5.555555556,0,0,-370.2187568,576.9433803,-370.2187568,576.9433803,-370.2187568,576.9433803
83.99200474,-370.6442358,576.5212973,,,5.555555556,0,0,-370.6442358,576.5212973,-370.6442358,576.5212973,-370.6442358,576.5212973
84.59291909,-371.080175,576.1077093,,,5.555555556,0,0,-371.080175,576.1077093,-371.080175,576.1077093,-371.080175,576.1077093
85.19438708,-371.5268408,575.7049023,,,5.555555556,0,0,-371.5268408,575.7049023,-371.5268408,575.7049023,-371.5268408,575.7049023
85.79720532,-371.9866968,575.3151302,,,5.555555556,0,0,-371.9866968,575.3151302,-371.9866968,575.3151302,-371.9866968,575.3151302
86.40020902,-372.4619642,574.9440044,,,5.555555556,0,0,-372.4619642,574.9440044,-372.4619642,574.9440044,-372.4619642,574.9440044
87.00948737,-372.9517681,574.5816341,,,5.555555556,0,0,-372.9517681,574.5816341,-372.9517681,574.5816341,-372.9517681,574.5816341
87.61022436,-373.4422485,574.2347712,,,5.555555556,0,0,-373.4422485,574.2347712,-373.4422485,574.2347712,-373.4422485,574.2347712
88.21547358,-373.9431029,573.8949602,,,5.555555556,0,0,-373.9431029,573.8949602,-373.9431029,573.8949602,-373.9431029,573.8949602
88.81947326,-374.4557683,573.5756018,,,5.555555556,0,0,-374.4557683,573.5756018,-374.4557683,573.5756018,-374.4557683,573.5756018
89.42427461,-374.9763395,573.2677214,,,5.555555556,0,0,-374.9763395,573.2677214,-374.9763395,573.2677214,-374.9763395,573.2677214
90.02043996,-375.4942041,572.9723752,,,5.555555556,0,0,-375.4942041,572.9723752,-375.4942041,572.9723752,-375.4942041,572.9723752
90.63183792,-376.0235975,572.6665157,,,5.555555556,0,0,-376.0235975,572.6665157,-376.0235975,572.6665157,-376.0235975,572.6665157
91.23731791,-376.5505379,572.3682878,,,5.555555556,0,0,-376.5505379,572.3682878,-376.5505379,572.3682878,-376.5505379,572.3682878
91.84649213,-377.0869022,572.0794859,,,5.555555556,0,0,-377.0869022,572.0794859,-377.0869022,572.0794859,-377.0869022,572.0794859
92.45853996,-377.6296071,571.7965125,,,5.555555556,0,0,-377.6296071,571.7965125,-377.6296071,571.7965125,-377.6296071,571.7965125
93.06838739,-378.1700065,571.5138777,,,5.555555556,0,0,-378.1700065,571.5138777,-378.1700065,571.5138777,-378.1700065,571.5138777
93.67181387,-378.7019139,571.2289251,,,5.555555556,0,0,-378.7019139,571.2289251,-378.7019139,571.2289251,-378.7019139,571.2289251
94.28004757,-379.2422775,570.9497202,,,5.555555556,0,0,-379.2422775,570.9497202,-379.2422775,570.9497202,-379.2422775,570.9497202
94.89418499,-379.7901915,570.6723125,,,5.555555556,0,0,-379.7901915,570.6723125,-379.7901915,570.6723125,-379.7901915,570.6723125
95.50741357,-380.3364975,570.3937464,,,5.555555556,0,0,-380.3364975,570.3937464,-380.3364975,570.3937464,-380.3364975,570.3937464
96.1158607,-380.8818939,570.1240231,,,5.555555556,0,0,-380.8818939,570.1240231,-380.8818939,570.1240231,-380.8818939,570.1240231
96.73512317,-381.4370335,569.8496037,,,5.555555556,0,0,-381.4370335,569.8496037,-381.4370335,569.8496037,-381.4370335,569.8496037
97.35582814,-381.9977803,569.58345,,,5.555555556,0,0,-381.9977803,569.58345,-381.9977803,569.58345,-381.9977803,569.58345
97.9788111,-382.5584478,569.3118627,,,5.555555556,0,0,-382.5584478,569.3118627,-382.5584478,569.3118627,-382.5584478,569.3118627
98.6089125,-383.1222148,569.0304474,,,5.555555556,0,0,-383.1222148,569.0304474,-383.1222148,569.0304474,-383.1222148,569.0304474
99.23618455,-383.6834356,568.7502664,,,5.555555556,0,0,-383.6834356,568.7502664,-383.6834356,568.7502664,-383.6834356,568.7502664
99.84307748,-384.2286019,568.4835966,,,5.555555556,0,0,-384.2286019,568.4835966,-384.2286019,568.4835966,-384.2286019,568.4835966
100.4674823,-384.7891383,568.2084962,,,5.555555556,0,0,-384.7891383,568.2084962,-384.7891383,568.2084962,-384.7891383,568.2084962
101.0902697,-385.3437723,567.9252201,,,5.555555556,0,0,-385.3437723,567.9252201,-385.3437723,567.9252201,-385.3437723,567.9252201
101.7112851,-385.8969353,567.6429599,,,5.555555556,0,0,-385.8969353,567.6429599,-385.8969353,567.6429599,-385.8969353,567.6429599
102.323101,-386.440807,567.3627417,,,5.555555556,0,0,-386.440807,567.3627417,-386.440807,567.3627417,-386.440807,567.3627417
102.937308,-386.9869281,567.0816688,,,5.555555556,0,0,-386.9869281,567.0816688,-386.9869281,567.0816688,-386.9869281,567.0816688
103.5530296,-387.5350555,566.801188,,,5.555555556,0,0,-387.5350555,566.801188,-387.5350555,566.801188,-387.5350555,566.801188
104.168159,-388.0858015,566.5272118,,,5.555555556,0,0,-388.0858015,566.5272118,-388.0858015,566.5272118,-388.0858015,566.5272118
104.7837565,-388.6361584,566.2514083,,,5.555555556,0,0,-388.6361584,566.2514083,-388.6361584,566.2514083,-388.6361584,566.2514083
105.3944001,-389.1826966,565.9790452,,,5.555555556,0,0,-389.1826966,565.9790452,-389.1826966,565.9790452,-389.1826966,565.9790452
106.0114891,-389.7367262,565.7072917,,,5.555555556,0,0,-389.7367262,565.7072917,-389.7367262,565.7072917,-389.7367262,565.7072917
106.6301252,-390.2963852,565.4436774,,,5.555555556,0,0,-390.2963852,565.4436774,-390.2963852,565.4436774,-390.2963852,565.4436774
107.2541582,-390.8606562,565.17719,,,5.555555556,0,0,-390.8606562,565.17719,-390.8606562,565.17719,-390.8606562,565.17719
107.8771385,-391.4226649,564.9083953,,,5.555555556,0,0,-391.4226649,564.9083953,-391.4226649,564.9083953,-391.4226649,564.9083953
108.4913389,-391.9805985,564.6515837,,,5.555555556,0,0,-391.9805985,564.6515837,-391.9805985,564.6515837,-391.9805985,564.6515837
109.0960602,-392.5312602,564.4016647,,,5.555555556,0,0,-392.5312602,564.4016647,-392.5312602,564.4016647,-392.5312602,564.4016647
109.6956098,-393.0770577,564.1535421,,,5.555555556,0,0,-393.0770577,564.1535421,-393.0770577,564.1535421,-393.0770577,564.1535421
110.2947739,-393.6216361,563.9036783,,,5.555555556,0,0,-393.6216361,563.9036783,-393.6216361,563.9036783,-393.6216361,563.9036783
110.8893069,-394.1609847,563.6535331,,,5.555555556,0,0,-394.1609847,563.6535331,-394.1609847,563.6535331,-394.1609847,563.6535331
111.4846992,-394.7016971,563.40429,,,5.555555556,0,0,-394.7016971,563.40429,-394.7016971,563.40429,-394.7016971,563.40429
112.0859219,-395.2505907,563.1589645,,,5.555555556,0,0,-395.2505907,563.1589645,-395.2505907,563.1589645,-395.2505907,563.1589645
112.6924769,-395.8036627,562.9099256,,,5.555555556,0,0,-395.8036627,562.9099256,-395.8036627,562.9099256,-395.8036627,562.9099256
113.2988092,-396.3641424,562.6786223,,,5.555555556,0,0,-396.3641424,562.6786223,-396.3641424,562.6786223,-396.3641424,562.6786223
113.913684,-396.9356547,562.4518079,,,5.555555556,0,0,-396.9356547,562.4518079,-396.9356547,562.4518079,-396.9356547,562.4518079
114.529136,-397.5125557,562.2374102,,,5.555555556,0,0,-397.5125557,562.2374102,-397.5125557,562.2374102,-397.5125557,562.2374102
115.1531196,-398.0999075,562.02676,,,5.555555556,0,0,-398.0999075,562.02676,-398.0999075,562.02676,-398.0999075,562.02676
115.7709454,-398.688123,561.8377861,,,5.555555556,0,0,-398.688123,561.8377861,-398.688123,561.8377861,-398.688123,561.8377861
116.3983904,-399.2913966,561.6653096,,,5.555555556,0,0,-399.2913966,561.6653096,-399.2913966,561.6653096,-399.2913966,561.6653096
117.0324603,-399.9050891,561.5058536,,,5.555555556,0,0,-399.9050891,561.5058536,-399.9050891,561.5058536,-399.9050891,561.5058536
117.6824876,-400.5405044,561.368803,,,5.555555556,0,0,-400.5405044,561.368803,-400.5405044,561.368803,-400.5405044,561.368803
118.3218264,-401.168969,561.2513875,,,5.555555556,0,0,-401.168969,561.2513875,-401.168969,561.2513875,-401.168969,561.2513875
118.9604331,-401.8023648,561.1699734,,,5.555555556,0,0,-401.8023648,561.1699734,-401.8023648,561.1699734,-401.8023648,561.1699734
119.5833996,-402.4238435,561.1269452,,,5.555555556,0,0,-402.4238435,561.1269452,-402.4238435,561.1269452,-402.4238435,561.1269452
120.1994924,-403.0398688,561.1178225,,,5.555555556,0,0,-403.0398688,561.1178225,-403.0398688,561.1178225,-403.0398688,561.1178225
120.8107061,-403.6510577,561.1233294,,,5.555555556,0,0,-403.6510577,561.1233294,-403.6510577,561.1233294,-403.6510577,561.1233294
121.4059337,-404.2455541,561.1528253,,,5.555555556,0,0,-404.2455541,561.1528253,-404.2455541,561.1528253,-404.2455541,561.1528253
121.9883948,-404.8266395,561.192832,,,5.555555556,0,0,-404.8266395,561.192832,-404.8266395,561.192832,-404.8266395,561.192832
122.5531002,-405.3888474,561.2458845,,,5.555555556,0,0,-405.3888474,561.2458845,-405.3888474,561.2458845,-405.3888474,561.2458845
123.1095709,-405.9410597,561.3145958,,,5.555555556,0,0,-405.9410597,561.3145958,-405.9410597,561.3145958,-405.9410597,561.3145958
123.6513523,-406.4774595,561.3907681,,,5.555555556,0,0,-406.4774595,561.3907681,-406.4774595,561.3907681,-406.4774595,561.3907681
124.1934269,-407.0149065,561.4614477,,,5.555555556,0,0,-407.0149065,561.4614477,-407.0149065,561.4614477,-407.0149065,561.4614477
124.7145319,-407.5301344,561.5394907,,,5.555555556,0,0,-407.5301344,561.5394907,-407.5301344,561.5394907,-407.5301344,561.5394907
125.2295246,-408.0386516,561.6209014,,,5.555555556,0,0,-408.0386516,561.6209014,-408.0386516,561.6209014,-408.0386516,561.6209014
125.7338923,-408.5358575,561.7055951,,,5.555555556,0,0,-408.5358575,561.7055951,-408.5358575,561.7055951,-408.5358575,561.7055951
126.2408898,-409.0347655,561.7958023,,,5.555555556,0,0,-409.0347655,561.7958023,-409.0347655,561.7958023,-409.0347655,561.7958023
126.7532718,-409.5390044,561.8867881,,,5.555555556,0,0,-409.5390044,561.8867881,-409.5390044,561.8867881,-409.5390044,561.8867881
127.2574635,-410.0319583,561.9926454,,,5.555555556,0,0,-410.0319583,561.9926454,-410.0319583,561.9926454,-410.0319583,561.9926454
127.7580706,-410.5203398,562.1026043,,,5.555555556,0,0,-410.5203398,562.1026043,-410.5203398,562.1026043,-410.5203398,562.1026043
128.2626114,-411.0141643,562.2060392,,,5.555555556,0,0,-411.0141643,562.2060392,-411.0141643,562.2060392,-411.0141643,562.2060392
128.7802092,-411.5202033,562.3148141,,,5.555555556,0,0,-411.5202033,562.3148141,-411.5202033,562.3148141,-411.5202033,562.3148141
129.5438653,-412.2581173,562.511419,,,5.555555556,0,0,-412.2581173,562.511419,-412.2581173,562.511419,-412.2581173,562.511419
130.0772996,-412.7735513,562.6488234,,,5.555555556,0,0,-412.7735513,562.6488234,-412.7735513,562.6488234,-412.7735513,562.6488234
130.6149557,-413.2924286,562.7896797,,,5.555555556,0,0,-413.2924286,562.7896797,-413.2924286,562.7896797,-413.2924286,562.7896797
131.1592455,-413.8193221,562.9261883,,,5.555555556,0,0,-413.8193221,562.9261883,-413.8193221,562.9261883,-413.8193221,562.9261883
131.6913146,-414.3357331,563.0543181,,,5.555555556,0,0,-414.3357331,563.0543181,-414.3357331,563.0543181,-414.3357331,563.0543181
132.2360472,-414.8592933,563.2047118,,,5.555555556,0,0,-414.8592933,563.2047118,-414.8592933,563.2047118,-414.8592933,563.2047118
132.7768176,-415.3761643,563.3636992,,,5.555555556,0,0,-415.3761643,563.3636992,-415.3761643,563.3636992,-415.3761643,563.3636992
133.3230232,-415.8987332,563.5226403,,,5.555555556,0,0,-415.8987332,563.5226403,-415.8987332,563.5226403,-415.8987332,563.5226403
133.8698678,-416.421308,563.6837449,,,5.555555556,0,0,-416.421308,563.6837449,-416.421308,563.6837449,-416.421308,563.6837449
134.4140536,-416.9402303,563.8476282,,,5.555555556,0,0,-416.9402303,563.8476282,-416.9402303,563.8476282,-416.9402303,563.8476282
134.9738261,-417.4695051,564.029874,,,5.555555556,0,0,-417.4695051,564.029874,-417.4695051,564.029874,-417.4695051,564.029874
135.5348351,-417.999489,564.2138525,,,5.555555556,0,0,-417.999489,564.2138525,-417.999489,564.2138525,-417.999489,564.2138525
136.0965805,-418.5277281,564.4049584,,,5.555555556,0,0,-418.5277281,564.4049584,-418.5277281,564.4049584,-418.5277281,564.4049584
136.6650567,-419.0598385,564.6050174,,,5.555555556,0,0,-419.0598385,564.6050174,-419.0598385,564.6050174,-419.0598385,564.6050174
137.227965,-419.5855428,564.8062654,,,5.555555556,0,0,-419.5855428,564.8062654,-419.5855428,564.8062654,-419.5855428,564.8062654
137.7911885,-420.1047445,565.024555,,,5.555555556,0,0,-420.1047445,565.024555,-420.1047445,565.024555,-420.1047445,565.024555
138.3563246,-420.6171998,565.2628161,,,5.555555556,0,0,-420.6171998,565.2628161,-420.6171998,565.2628161,-420.6171998,565.2628161
138.9210183,-421.119677,565.5204896,,,5.555555556,0,0,-421.119677,565.5204896,-421.119677,565.5204896,-421.119677,565.5204896
139.4910782,-421.6224115,565.7892392,,,5.555555556,0,0,-421.6224115,565.7892392,-421.6224115,565.7892392,-421.6224115,565.7892392
140.0740589,-422.1286495,566.0783578,,,5.555555556,0,0,-422.1286495,566.0783578,-422.1286495,566.0783578,-422.1286495,566.0783578
140.6603203,-422.6299123,566.382394,,,5.555555556,0,0,-422.6299123,566.382394,-422.6299123,566.382394,-422.6299123,566.382394
141.2452583,-423.1222757,566.6981958,,,5.555555556,0,0,-423.1222757,566.6981958,-423.1222757,566.6981958,-423.1222757,566.6981958
141.8370156,-423.6054485,567.03984,,,5.555555556,0,0,-423.6054485,567.03984,-423.6054485,567.03984,-423.6054485,567.03984
142.428099,-424.0784313,567.3943352,,,5.555555556,0,0,-424.0784313,567.3943352,-424.0784313,567.3943352,-424.0784313,567.3943352
143.0300936,-424.5542607,567.763095,,,5.555555556,0,0,-424.5542607,567.763095,-424.5542607,567.763095,-424.5542607,567.763095
143.622311,-425.0036589,568.1487928,,,5.555555556,0,0,-425.0036589,568.1487928,-425.0036589,568.1487928,-425.0036589,568.1487928
144.2238398,-425.4406285,568.5621866,,,5.555555556,0,0,-425.4406285,568.5621866,-425.4406285,568.5621866,-425.4406285,568.5621866
144.8148087,-425.8515914,568.9868673,,,5.555555556,0,0,-425.8515914,568.9868673,-425.8515914,568.9868673,-425.8515914,568.9868673
145.4119523,-426.25229,569.42961,,,5.555555556,0,0,-426.25229,569.42961,-426.25229,569.42961,-426.25229,569.42961
146.0070514,-426.6299419,569.8895252,,,5.555555556,0,0,-426.6299419,569.8895252,-426.6299419,569.8895252,-426.6299419,569.8895252
146.6064602,-426.9929734,570.3664939,,,5.555555556,0,0,-426.9929734,570.3664939,-426.9929734,570.3664939,-426.9929734,570.3664939
147.2042344,-427.3412875,570.8523038,,,5.555555556,0,0,-427.3412875,570.8523038,-427.3412875,570.8523038,-427.3412875,570.8523038
147.8197172,-427.6816469,571.3651142,,,5.555555556,0,0,-427.6816469,571.3651142,-427.6816469,571.3651142,-427.6816469,571.3651142
148.427912,-427.9929703,571.8875878,,,5.555555556,0,0,-427.9929703,571.8875878,-427.9929703,571.8875878,-427.9929703,571.8875878
149.0520856,-428.2930186,572.434912,,,5.555555556,0,0,-428.2930186,572.434912,-428.2930186,572.434912,-428.2930186,572.434912
149.6602814,-428.5770069,572.9727343,,,5.555555556,0,0,-428.5770069,572.9727343,-428.5770069,572.9727343,-428.5770069,572.9727343
150.2774721,-428.8538098,573.5243723,,,5.555555556,0,0,-428.8538098,573.5243723,-428.8538098,573.5243723,-428.8538098,573.5243723
150.8933802,-429.1049597,574.086748,,,5.555555556,0,0,-429.1049597,574.086748,-429.1049597,574.086748,-429.1049597,574.086748
151.5132219,-429.326859,574.6655091,,,5.555555556,0,0,-429.326859,574.6655091,-429.326859,574.6655091,-429.326859,574.6655091
152.1397601,-429.5206688,575.2613177,,,5.555555556,0,0,-429.5206688,575.2613177,-429.5206688,575.2613177,-429.5206688,575.2613177
152.7757567,-429.7036904,575.8704112,,,5.555555556,0,0,-429.7036904,575.8704112,-429.7036904,575.8704112,-429.7036904,575.8704112
153.4090219,-429.8647348,576.4828566,,,5.555555556,0,0,-429.8647348,576.4828566,-429.8647348,576.4828566,-429.8647348,576.4828566
154.0442924,-429.9883537,577.1059835,,,5.555555556,0,0,-429.9883537,577.1059835,-429.9883537,577.1059835,-429.9883537,577.1059835
154.6797308,-430.076675,577.7352539,,,5.555555556,0,0,-430.076675,577.7352539,-430.076675,577.7352539,-430.076675,577.7352539
155.3170045,-430.1394009,578.3694331,,,5.555555556,0,0,-430.1394009,578.3694331,-430.1394009,578.3694331,-430.1394009,578.3694331
155.9610288,-430.2020099,579.0104069,,,5.555555556,0,0,-430.2020099,579.0104069,-430.2020099,579.0104069,-430.2020099,579.0104069
156.5944352,-430.229954,579.6431965,,,5.555555556,0,0,-430.229954,579.6431965,-430.229954,579.6431965,-430.229954,579.6431965
157.2187633,-430.2197612,580.2674414,,,5.555555556,0,0,-430.2197612,580.2674414,-430.2197612,580.2674414,-430.2197612,580.2674414
157.8401085,-430.1682013,580.8866437,,,5.555555556,0,0,-430.1682013,580.8866437,-430.1682013,580.8866437,-430.1682013,580.8866437
158.4541545,-430.0952062,581.4963356,,,5.555555556,0,0,-430.0952062,581.4963356,-430.0952062,581.4963356,-430.0952062,581.4963356
159.0633014,-430.0202973,582.1008591,,,5.555555556,0,0,-430.0202973,582.1008591,-430.0202973,582.1008591,-430.0202973,582.1008591
159.6688539,-429.9152825,582.6972362,,,5.555555556,0,0,-429.9152825,582.6972362,-429.9152825,582.6972362,-429.9152825,582.6972362
160.2677325,-429.7761902,583.2797384,,,5.555555556,0,0,-429.7761902,583.2797384,-429.7761902,583.2797384,-429.7761902,583.2797384
160.8494762,-429.6132181,583.838188,,,5.555555556,0,0,-429.6132181,583.838188,-429.6132181,583.838188,-429.6132181,583.838188
161.4348164,-429.4414757,584.3977662,,,5.555555556,0,0,-429.4414757,584.3977662,-429.4414757,584.3977662,-429.4414757,584.3977662
162.0133806,-429.2629909,584.9481112,,,5.555555556,0,0,-429.2629909,584.9481112,-429.2629909,584.9481112,-429.2629909,584.9481112
162.584478,-429.0613008,585.4824082,,,5.555555556,0,0,-429.0613008,585.4824082,-429.0613008,585.4824082,-429.0613008,585.4824082
163.1569419,-428.8325532,586.0071839,,,5.555555556,0,0,-428.8325532,586.0071839,-428.8325532,586.0071839,-428.8325532,586.0071839
163.7283507,-428.5938559,586.5263482,,,5.555555556,0,0,-428.5938559,586.5263482,-428.5938559,586.5263482,-428.5938559,586.5263482
164.296792,-428.3367841,587.0333389,,,5.555555556,0,0,-428.3367841,587.0333389,-428.3367841,587.0333389,-428.3367841,587.0333389
164.8664567,-428.0742692,587.5389117,,,5.555555556,0,0,-428.0742692,587.5389117,-428.0742692,587.5389117,-428.0742692,587.5389117
165.4303598,-427.7957727,588.0292446,,,5.555555556,0,0,-427.7957727,588.0292446,-427.7957727,588.0292446,-427.7957727,588.0292446
165.9891433,-427.5050773,588.5064608,,,5.555555556,0,0,-427.5050773,588.5064608,-427.5050773,588.5064608,-427.5050773,588.5064608
166.5480014,-427.2027106,588.9764573,,,5.555555556,0,0,-427.2027106,588.9764573,-427.2027106,588.9764573,-427.2027106,588.9764573
167.0961664,-426.8842597,589.4226342,,,5.555555556,0,0,-426.8842597,589.4226342,-426.8842597,589.4226342,-426.8842597,589.4226342
167.6561733,-426.5437034,589.8671892,,,5.555555556,0,0,-426.5437034,589.8671892,-426.5437034,589.8671892,-426.5437034,589.8671892
168.218017,-426.1852911,590.2998658,,,5.555555556,0,0,-426.1852911,590.2998658,-426.1852911,590.2998658,-426.1852911,590.2998658
168.7751357,-425.8143566,590.7155445,,,5.555555556,0,0,-425.8143566,590.7155445,-425.8143566,590.7155445,-425.8143566,590.7155445
169.3311375,-425.4266872,591.114105,,,5.555555556,0,0,-425.4266872,591.114105,-425.4266872,591.114105,-425.4266872,591.114105
169.8799447,-425.0225031,591.4853523,,,5.555555556,0,0,-425.0225031,591.4853523,-425.0225031,591.4853523,-425.0225031,591.4853523
170.4200947,-424.6117026,591.8360729,,,5.555555556,0,0,-424.6117026,591.8360729,-424.6117026,591.8360729,-424.6117026,591.8360729
170.9529414,-424.1974878,592.171262,,,5.555555556,0,0,-424.1974878,592.171262,-424.1974878,592.171262,-424.1974878,592.171262
171.4802987,-423.7806296,592.4942712,,,5.555555556,0,0,-423.7806296,592.4942712,-423.7806296,592.4942712,-423.7806296,592.4942712
171.9905295,-423.3672024,592.793292,,,5.555555556,0,0,-423.3672024,592.793292,-423.3672024,592.793292,-423.3672024,592.793292
172.7027794,-422.7733308,593.1865049,,,5.555555556,0,0,-422.7733308,593.1865049,-422.7733308,593.1865049,-422.7733308,593.1865049
173.3843018,-422.1982277,593.552195,,,5.555555556,0,0,-422.1982277,593.552195,-422.1982277,593.552195,-422.1982277,593.552195
174.0612432,-421.6221094,593.9076346,,,5.555555556,0,0,-421.6221094,593.9076346,-421.6221094,593.9076346,-421.6221094,593.9076346
174.7300448,-421.0399737,594.2368969,,,5.555555556,0,0,-421.0399737,594.2368969,-421.0399737,594.2368969,-421.0399737,594.2368969
175.3988678,-420.4598155,594.5696741,,,5.555555556,0,0,-420.4598155,594.5696741,-420.4598155,594.5696741,-420.4598155,594.5696741
176.0657595,-419.874608,594.8894814,,,5.555555556,0,0,-419.874608,594.8894814,-419.874608,594.8894814,-419.874608,594.8894814
176.729903,-419.2915842,595.2075535,,,5.555555556,0,0,-419.2915842,595.2075535,-419.2915842,595.2075535,-419.2915842,595.2075535
177.3865758,-418.7243034,595.5383279,,,5.555555556,0,0,-418.7243034,595.5383279,-418.7243034,595.5383279,-418.7243034,595.5383279
178.0377251,-418.1565184,595.8570999,,,5.555555556,0,0,-418.1565184,595.8570999,-418.1565184,595.8570999,-418.1565184,595.8570999
178.6785983,-417.59238,596.1611827,,,5.555555556,0,0,-417.59238,596.1611827,-417.59238,596.1611827,-417.59238,596.1611827
179.3236176,-417.0388177,596.4922698,,,5.555555556,0,0,-417.0388177,596.4922698,-417.0388177,596.4922698,-417.0388177,596.4922698
180.1655287,-416.3120489,596.9172655,,,5.555555556,0,0,-416.3120489,596.9172655,-416.3120489,596.9172655,-416.3120489,596.9172655
